<beans xmlns="http://www.springframework.org/schema/beans"
	xmlns:xsi="http://www.w3.org/2001/XMLSchema-instance"
	xmlns:p="http://www.springframework.org/schema/p"
	xmlns:aop="http://www.springframework.org/schema/aop"
	xmlns:context="http://www.springframework.org/schema/context"
	xmlns:jee="http://www.springframework.org/schema/jee"
	xmlns:tx="http://www.springframework.org/schema/tx"
	xmlns:task="http://www.springframework.org/schema/task"
	xsi:schemaLocation="http://www.springframework.org/schema/aop http://www.springframework.org/schema/aop/spring-aop-3.2.xsd http://www.springframework.org/schema/beans http://www.springframework.org/schema/beans/spring-beans-3.2.xsd http://www.springframework.org/schema/context http://www.springframework.org/schema/context/spring-context-3.2.xsd http://www.springframework.org/schema/jee http://www.springframework.org/schema/jee/spring-jee-3.2.xsd http://www.springframework.org/schema/tx http://www.springframework.org/schema/tx/spring-tx-3.2.xsd http://www.springframework.org/schema/task http://www.springframework.org/schema/task/spring-task-3.2.xsd">


	<bean id="dateFormat" class="java.text.SimpleDateFormat">
		<constructor-arg value="dd/mm/yyyy" />
	</bean>

	<!-- Sandwich Bean -->
	<bean id="sandwich" class="com.cognizant.truyum.model.MenuItem">
		<property name="id" value="101" />
		<property name="name" value="Sandwich" />
		<property name="price" value="99" />
		<property name="active" value="true" />
		<property name="dateOfLaunch">
			<bean factory-bean="dateFormat" factory-method="parse">
				<constructor-arg value="15/03/2017" />
			</bean>
		</property>
		<property name="category" value="Main Course" />
		<property name="freeDeliver" value="true" />
	</bean>

	<!-- Burger Bean -->
	<bean id="burger" class="com.cognizant.truyum.model.MenuItem">
		<property name="id" value="102" />
		<property name="name" value="Burger" />
		<property name="price" value="129" />
		<property name="active" value="true" />
		<property name="dateOfLaunch">
			<bean factory-bean="dateFormat" factory-method="parse">
				<constructor-arg value="23/12/2017" />
			</bean>
		</property>
		<property name="category" value="Main Course" />
		<property name="freeDeliver" value="false" />
	</bean>



	<!-- Pizza Bean -->
	<bean id="pizza" class="com.cognizant.truyum.model.MenuItem">
		<property name="id" value="103" />
		<property name="name" value="Pizza" />
		<property name="price" value="149" />
		<property name="active" value="true" />
		<property name="dateOfLaunch">
			<bean factory-bean="dateFormat" factory-method="parse">
				<constructor-arg value="21/08/2018" />
			</bean>
		</property>
		<property name="category" value="Main Course" />
		<property name="freeDeliver" value="false" />
	</bean>


	<!-- Fries Bean -->
	<bean id="fries" class="com.cognizant.truyum.model.MenuItem">
		<property name="id" value="104" />
		<property name="name" value="French Fries" />
		<property name="price" value="57" />
		<property name="active" value="false" />
		<property name="dateOfLaunch">
			<bean factory-bean="dateFormat" factory-method="parse">
				<constructor-arg value="02/07/2017" />
			</bean>
		</property>
		<property name="category" value="Starters" />
		<property name="freeDeliver" value="true" />
	</bean>


	<!-- Brownie Bean -->

	<bean id="brownie" class="com.cognizant.truyum.model.MenuItem">
		<property name="id" value="105" />
		<property name="name" value="Chocolate Brownie" />
		<property name="price" value="32" />
		<property name="active" value="true" />
		<property name="dateOfLaunch">
			<bean factory-bean="dateFormat" factory-method="parse">
				<constructor-arg value="02/11/2022" />
			</bean>
		</property>
		<property name="category" value="Dessert" />
		<property name="freeDeliver" value="true" />
	</bean>


	<bean id="menuItems" class="java.util.ArrayList">

		<constructor-arg>
			<list>
				<ref bean="sandwich" />
				<ref bean="burger" />
				<ref bean="pizza" />
				<ref bean="fries" />
				<ref bean="brownie" />
			</list>
		</constructor-arg>
	</bean>

</beans>